/*M!999999\- enable the sandbox mode */ 
-- MariaDB dump 10.19-11.7.2-MariaDB, for Win64 (AMD64)
--
-- Host: localhost    Database: cracovia
-- ------------------------------------------------------
-- Server version	11.8.3-MariaDB

/*!40101 SET @OLD_CHARACTER_SET_CLIENT=@@CHARACTER_SET_CLIENT */;
/*!40101 SET @OLD_CHARACTER_SET_RESULTS=@@CHARACTER_SET_RESULTS */;
/*!40101 SET @OLD_COLLATION_CONNECTION=@@COLLATION_CONNECTION */;
/*!40101 SET NAMES utf8mb4 */;
/*!40103 SET @OLD_TIME_ZONE=@@TIME_ZONE */;
/*!40103 SET TIME_ZONE='+00:00' */;
/*!40014 SET @OLD_UNIQUE_CHECKS=@@UNIQUE_CHECKS, UNIQUE_CHECKS=0 */;
/*!40014 SET @OLD_FOREIGN_KEY_CHECKS=@@FOREIGN_KEY_CHECKS, FOREIGN_KEY_CHECKS=0 */;
/*!40101 SET @OLD_SQL_MODE=@@SQL_MODE, SQL_MODE='NO_AUTO_VALUE_ON_ZERO' */;
/*M!100616 SET @OLD_NOTE_VERBOSITY=@@NOTE_VERBOSITY, NOTE_VERBOSITY=0 */;

--
-- Temporary table structure for view `all_stats`
--

DROP TABLE IF EXISTS `all_stats`;
/*!50001 DROP VIEW IF EXISTS `all_stats`*/;
SET @saved_cs_client     = @@character_set_client;
SET character_set_client = utf8mb4;
/*!50001 CREATE VIEW `all_stats` AS SELECT
 1 AS `Name`,
  1 AS `Team`,
  1 AS `Position`,
  1 AS `DateStart`,
  1 AS `DateEnd`,
  1 AS `NumberOfGames`,
  1 AS `Minutes`,
  1 AS `Goal`,
  1 AS `Assist`,
  1 AS `ChanceAssist`,
  1 AS `KeyPass`,
  1 AS `KeyLoss`,
  1 AS `Finalization`,
  1 AS `KeyIndividualAction`,
  1 AS `KeyRecover`,
  1 AS `DuelWinInBox`,
  1 AS `BlockShot`,
  1 AS `DuelLossInBox`,
  1 AS `DuelLossOutBox`,
  1 AS `MissBlockShot`,
  1 AS `RescueAction`,
  1 AS `PktDef`,
  1 AS `TD_m`,
  1 AS `HSR_m`,
  1 AS `Sprint_m`,
  1 AS `ACC`,
  1 AS `DECEL`,
  1 AS `PlayerIntensityIndex` */;
SET character_set_client = @saved_cs_client;

--
-- Table structure for table `fantasypasy_stats`
--

DROP TABLE IF EXISTS `fantasypasy_stats`;
/*!40101 SET @saved_cs_client     = @@character_set_client */;
/*!40101 SET character_set_client = utf8mb4 */;
CREATE TABLE `fantasypasy_stats` (
  `Name` varchar(100) NOT NULL,
  `Team` varchar(100) NOT NULL,
  `Position` varchar(50) NOT NULL,
  `DateStart` date NOT NULL,
  `DateEnd` date NOT NULL,
  `NumberOfGames` int(11) NOT NULL DEFAULT 0,
  `Minutes` int(11) NOT NULL DEFAULT 0,
  `Goal` int(11) NOT NULL DEFAULT 0,
  `Assist` int(11) NOT NULL DEFAULT 0,
  `ChanceAssist` int(11) NOT NULL DEFAULT 0,
  `KeyPass` int(11) NOT NULL DEFAULT 0,
  `KeyLoss` int(11) NOT NULL DEFAULT 0,
  `DuelLossInBox` int(11) NOT NULL DEFAULT 0,
  `DuelLossOutBox` int(11) NOT NULL DEFAULT 0 CHECK (`DuelLossOutBox` <= 0),
  `MissBlockShot` int(11) NOT NULL DEFAULT 0,
  `RescueAction` int(11) NOT NULL DEFAULT 0 CHECK (`RescueAction` >= 0),
  `Finalization` int(11) NOT NULL DEFAULT 0,
  `KeyIndividualAction` int(11) NOT NULL DEFAULT 0,
  `KeyRecover` int(11) NOT NULL DEFAULT 0,
  `DuelWinInBox` int(11) NOT NULL DEFAULT 0,
  `BlockShot` int(11) NOT NULL DEFAULT 0,
  `PktOff` int(11) GENERATED ALWAYS AS (`Goal` + `Assist` + `ChanceAssist` + `KeyPass` + `KeyLoss` + `Finalization` + `KeyIndividualAction`) STORED,
  `PktDef` int(11) GENERATED ALWAYS AS (`KeyRecover` + `DuelWinInBox` + `DuelLossInBox` + `DuelLossOutBox` + `BlockShot` + `MissBlockShot` + `RescueAction`) STORED,
  PRIMARY KEY (`Name`,`DateStart`,`DateEnd`),
  KEY `idx_fant_team_dates` (`Team`,`DateStart`,`DateEnd`),
  KEY `idx_fant_pos_dates` (`Position`,`DateStart`,`DateEnd`),
  CONSTRAINT `chk_KeyLoss_le_zero` CHECK (`KeyLoss` <= 0),
  CONSTRAINT `chk_DuelLossInBox_le_zero` CHECK (`DuelLossInBox` <= 0),
  CONSTRAINT `chk_MissBlockShot_le_zero` CHECK (`MissBlockShot` <= 0)
) ENGINE=InnoDB DEFAULT CHARSET=utf8mb4 COLLATE=utf8mb4_uca1400_ai_ci;
/*!40101 SET character_set_client = @saved_cs_client */;

--
-- Dumping data for table `fantasypasy_stats`
--

LOCK TABLES `fantasypasy_stats` WRITE;
/*!40000 ALTER TABLE `fantasypasy_stats` DISABLE KEYS */;
INSERT INTO `fantasypasy_stats` VALUES
('AW (05)','C2','ŚPO','2025-09-20','2025-09-21',1,24,0,0,0,0,0,0,0,0,0,0,0,0,0,0,0,0),
('AW (05)','C2','ŚPO','2025-09-29','2025-09-30',0,0,0,0,0,0,0,0,0,0,0,0,0,0,0,0,0,0),
('AW (05)','C2','ŚPO','2025-10-04','2025-10-05',1,0,0,0,0,0,0,0,0,0,0,0,0,0,0,0,0,0),
('AW (05)','C2','ŚPO','2025-10-11','2025-10-12',1,30,0,0,0,0,0,0,0,0,0,0,0,0,0,0,0,0),
('AW (05)','C2','ŚPO','2025-10-18','2025-10-19',1,60,0,0,2,0,0,0,0,0,0,2,0,0,0,0,4,0),
('AW (05)','C2','ŚPO','2025-10-25','2025-10-26',1,20,0,0,0,0,0,0,0,0,0,0,0,0,0,0,0,0),
('BO (09)','U-17','ŚPO','2025-09-20','2025-09-21',1,82,0,0,2,2,0,-1,0,0,0,3,2,0,2,0,9,1),
('BO (09)','U-17','ŚPO','2025-09-29','2025-09-30',1,45,3,0,2,0,0,0,0,0,0,1,2,0,0,0,8,0),
('BO (09)','U-17','ŚPO','2025-10-04','2025-10-05',1,45,3,0,0,0,0,0,0,0,0,1,0,0,0,0,4,0),
('BO (09)','U-17','ŚPO','2025-10-11','2025-10-12',0,0,0,0,0,0,0,0,0,0,0,0,0,0,0,0,0,0),
('BO (09)','U-17','ŚPO','2025-10-18','2025-10-19',2,75,3,2,0,2,0,0,0,0,0,1,2,0,0,0,10,0),
('BO (09)','U-17','ŚPO','2025-10-25','2025-10-26',2,93,3,0,0,0,0,0,0,0,0,1,2,0,0,0,6,0),
('BZ (09)','U-17','ŚP','2025-09-20','2025-09-21',1,90,6,0,0,2,-2,0,-2,-1,0,0,4,0,0,0,10,-3),
('BZ (09)','U-17','ŚP','2025-09-29','2025-09-30',1,45,6,2,0,0,0,0,0,0,0,1,2,4,0,0,11,4),
('BZ (09)','U-17','ŚP','2025-10-04','2025-10-05',1,90,0,0,0,0,0,0,0,0,0,1,0,0,0,0,1,0),
('BZ (09)','U-17','ŚP','2025-10-11','2025-10-12',1,45,0,0,0,0,0,0,0,0,0,0,0,0,0,0,0,0),
('BZ (09)','U-17','ŚP','2025-10-18','2025-10-19',2,135,6,4,0,4,0,0,0,0,0,2,6,0,0,0,22,0),
('BZ (09)','U-17','ŚP','2025-10-25','2025-10-26',1,73,3,8,0,0,0,0,0,0,0,0,0,0,0,0,11,0),
('DK (07)','C2','NAPASTNIK','2025-09-20','2025-09-21',1,90,0,0,0,0,0,0,0,0,0,0,0,0,0,0,0,0),
('DK (07)','C2','ŚPO','2025-09-29','2025-09-30',1,84,3,0,0,0,0,0,0,0,0,1,0,0,0,0,4,0),
('DK (07)','C2','NAPASTNIK','2025-10-04','2025-10-05',1,30,0,0,0,0,0,0,0,0,0,0,0,0,0,0,0,0),
('DK (07)','C2','NAPASTNIK','2025-10-11','2025-10-12',1,80,0,0,2,0,0,0,0,0,0,0,0,0,0,0,2,0),
('DK (07)','C2','NAPASTNIK','2025-10-18','2025-10-19',1,80,3,0,0,0,0,0,0,0,0,1,0,0,0,0,4,0),
('DK (07)','C2','NAPASTNIK','2025-10-25','2025-10-26',1,70,0,0,0,0,0,0,0,0,0,2,0,0,0,0,2,0),
('DK (10)','U-17','ŚP','2025-09-20','2025-09-21',1,30,0,2,0,0,0,0,0,0,0,2,0,0,0,0,4,0),
('DK (10)','U-17','ŚP','2025-09-29','2025-09-30',1,90,0,0,0,0,0,0,0,0,0,4,0,0,0,0,4,0),
('DK (10)','U-17','ŚP','2025-10-04','2025-10-05',1,45,0,2,0,0,0,0,0,0,0,0,0,0,0,0,2,0),
('DK (10)','U-17','ŚP','2025-10-11','2025-10-12',1,80,3,0,0,2,0,0,0,0,0,1,0,0,0,0,6,0),
('DK (10)','U-17','ŚP','2025-10-18','2025-10-19',2,135,6,4,0,2,0,0,-1,0,0,3,0,2,0,0,15,1),
('DK (10)','U-17','ŚP','2025-10-25','2025-10-26',1,45,0,0,0,2,0,0,0,0,0,1,0,0,0,0,3,0),
('DP (08)','C2','ŚPO','2025-09-20','2025-09-21',0,0,0,0,0,0,0,0,0,0,0,0,0,0,0,0,0,0),
('DP (08)','C2','ŚPO','2025-09-29','2025-09-30',1,57,0,0,0,0,0,0,0,0,0,0,2,0,0,0,2,0),
('DP (08)','C2','ŚPO','2025-10-04','2025-10-05',1,55,0,0,2,0,0,0,0,0,0,0,0,0,0,1,2,1),
('DP (08)','C2','ŚPO','2025-10-11','2025-10-12',0,0,0,0,0,0,0,0,0,0,0,0,0,0,0,0,0,0),
('DP (08)','C2','ŚPO','2025-10-18','2025-10-19',1,28,0,0,0,0,0,0,0,0,0,0,0,0,0,0,0,0),
('DP (08)','C2','ŚPO','2025-10-25','2025-10-26',1,20,0,0,0,0,0,0,0,0,0,0,0,0,0,0,0,0),
('EM (08)','U-19','PW/LW','2025-09-20','2025-09-21',1,45,3,2,2,0,0,0,0,0,0,0,0,0,0,0,7,0),
('EM (08)','U-19','PW/LW','2025-09-29','2025-09-30',0,0,0,0,0,0,0,0,0,0,0,0,0,0,0,0,0,0),
('EM (08)','U-19','LW/PW','2025-10-04','2025-10-05',0,0,0,0,0,0,0,0,0,0,0,0,0,0,0,0,0,0),
('EM (08)','U-19','PW/LW','2025-10-11','2025-10-12',0,0,0,0,0,0,0,0,0,0,0,0,0,0,0,0,0,0),
('EM (08)','U-19','LW/PW','2025-10-18','2025-10-19',1,30,0,0,0,0,0,0,0,0,0,0,0,0,0,0,0,0),
('EM (08)','U-19','LW/PW','2025-10-25','2025-10-26',2,105,3,0,0,0,0,0,0,0,0,0,2,0,0,0,5,0),
('FS (06)','C2','ŚPD','2025-09-20','2025-09-21',1,7,0,0,0,0,0,0,0,0,0,0,0,0,0,0,0,0),
('FS (06)','C2','ŚPD','2025-09-29','2025-09-30',1,84,0,0,0,0,0,0,0,0,0,0,0,0,0,0,0,0),
('FS (06)','C2','ŚPD','2025-10-04','2025-10-05',1,90,0,0,0,0,0,0,0,0,2,1,0,0,0,0,1,2),
('FS (06)','C2','ŚPD','2025-10-11','2025-10-12',1,90,0,0,0,0,-2,0,0,0,0,0,0,0,2,0,-2,2),
('FS (06)','C2','ŚPD','2025-10-18','2025-10-19',1,90,0,0,0,0,0,0,0,0,0,0,0,0,0,0,0,0),
('FS (06)','C2','ŚPD','2025-10-25','2025-10-26',1,90,0,0,0,0,0,0,0,0,0,0,0,0,2,0,0,2),
('IO (10)','U-17','LO/LŚO','2025-09-20','2025-09-21',0,0,0,0,0,0,0,0,0,0,0,0,0,0,0,0,0,0),
('IO (10)','U-17','LŚO/LO','2025-09-29','2025-09-30',0,0,0,0,0,0,0,0,0,0,0,0,0,0,0,0,0,0),
('IO (10)','U-17','LO/LŚO','2025-10-04','2025-10-05',0,0,0,0,0,0,0,0,0,0,0,0,0,0,0,0,0,0),
('IO (10)','U-17','LO/LŚO','2025-10-18','2025-10-19',2,90,3,0,0,0,-2,-2,0,0,0,0,0,0,0,0,1,-2),
('IO (10)','U-17','LO/LŚO','2025-10-25','2025-10-26',1,17,0,0,0,0,0,0,0,0,0,0,0,0,2,0,0,2),
('IS (10)','U-17','ŚP','2025-09-20','2025-09-21',1,60,0,0,0,2,-2,0,-2,0,0,1,2,2,2,0,3,2),
('IS (10)','U-17','ŚP','2025-09-29','2025-09-30',1,55,3,0,2,0,0,0,0,0,0,1,2,0,2,0,8,2),
('IS (10)','U-17','ŚP','2025-10-04','2025-10-05',1,55,0,2,0,2,-2,0,0,0,0,1,0,0,0,0,3,0),
('IS (10)','U-17','ŚP','2025-10-11','2025-10-12',1,90,3,0,2,4,0,0,0,0,0,1,2,0,0,0,12,0),
('IS (10)','U-17','ŚP','2025-10-18','2025-10-19',2,90,0,2,2,0,0,0,0,-1,0,0,0,0,0,0,4,-1),
('IS (10)','U-17','ŚP','2025-10-25','2025-10-26',1,60,6,4,2,0,0,0,0,0,0,1,2,2,0,0,15,2),
('JK (09)','U-17','ŚO','2025-09-20','2025-09-21',1,90,0,0,0,0,-2,0,-2,0,0,1,0,4,2,0,-1,4),
('JK (09)','U-17','ŚO','2025-09-29','2025-09-30',1,90,0,2,0,2,0,0,0,0,0,3,0,4,2,1,7,7),
('JK (09)','U-17','ŚO','2025-10-04','2025-10-05',1,90,3,0,0,2,0,0,0,0,0,0,2,0,2,0,7,2),
('JK (09)','U-17','ŚO','2025-10-11','2025-10-12',1,90,0,2,0,0,0,0,0,0,0,0,0,0,2,0,2,2),
('JK (09)','U-17','ŚO','2025-10-18','2025-10-19',2,135,3,0,0,0,0,0,0,-1,0,0,2,0,4,1,5,4),
('JK (09)','U-17','ŚO','2025-10-25','2025-10-26',1,90,6,0,0,0,-4,0,0,0,0,0,2,2,2,0,4,4),
('JW (06)','C2','LŚO','2025-09-20','2025-09-21',1,45,0,0,0,0,0,-2,0,-1,0,0,0,0,2,0,0,-1),
('JW (06)','C2','LŚO','2025-09-29','2025-09-30',1,90,0,2,0,0,0,0,-1,0,0,0,0,0,4,0,2,3),
('JW (06)','C2','LŚO','2025-10-04','2025-10-05',1,60,0,0,0,0,0,0,-1,0,0,0,0,0,2,0,0,1),
('JW (06)','C2','LŚO','2025-10-11','2025-10-12',1,90,0,0,0,0,0,0,0,0,0,0,0,0,0,0,0,0),
('JW (06)','C2','LŚO','2025-10-18','2025-10-19',1,0,0,0,0,0,0,0,0,0,0,0,0,0,0,0,0,0),
('JW (06)','C2','LŚO','2025-10-25','2025-10-26',1,0,0,0,0,0,0,0,0,0,0,0,0,0,0,0,0,0),
('JW (09)','U-17','LW/PW','2025-09-20','2025-09-21',1,72,0,0,0,2,0,0,-1,0,0,0,0,0,0,0,2,-1),
('JW (09)','U-17','PW/LW','2025-09-29','2025-09-30',1,45,0,0,0,2,0,0,0,0,0,0,0,0,2,1,2,3),
('JW (09)','U-17','LW/PW','2025-10-04','2025-10-05',1,65,3,0,0,0,0,0,0,0,0,2,2,0,0,0,7,0),
('JW (09)','U-17','LW/PW','2025-10-11','2025-10-12',1,80,0,2,0,0,0,0,0,0,0,1,0,0,0,0,3,0),
('JW (09)','U-17','LW/PW','2025-10-18','2025-10-19',2,90,0,2,0,2,0,0,0,0,0,2,2,0,0,0,8,0),
('JW (09)','U-17','LW/PW','2025-10-25','2025-10-26',1,60,0,0,0,0,0,0,0,0,0,0,2,0,0,0,2,0),
('KC (07)','U-19','ŚO','2025-09-20','2025-09-21',1,58,0,0,0,2,0,0,0,0,0,0,0,0,0,0,2,0),
('KC (07)','U-19','ŚO','2025-09-29','2025-09-30',1,45,0,0,0,0,0,0,0,0,0,0,0,0,0,0,0,0),
('KC (07)','U-19','ŚO','2025-10-04','2025-10-05',1,45,0,0,0,0,0,0,0,0,0,0,0,0,0,0,0,0),
('KC (07)','U-19','ŚO','2025-10-11','2025-10-12',0,0,0,0,0,0,0,0,0,0,0,0,0,0,0,0,0,0),
('KC (07)','U-19','ŚO','2025-10-18','2025-10-19',1,30,0,0,0,0,0,0,0,0,0,0,0,0,0,0,0,0),
('KC (07)','U-19','ŚO','2025-10-25','2025-10-26',1,0,0,0,0,0,0,0,0,0,0,0,0,0,0,0,0,0),
('KC (09)','U-19','PŚO','2025-09-20','2025-09-21',1,90,0,0,0,0,0,0,-1,0,0,1,0,0,0,0,1,-1),
('KC (09)','U-19','PŚO','2025-09-29','2025-09-30',1,90,9,0,0,0,0,0,0,0,0,0,0,0,0,1,9,1),
('KC (09)','U-19','PŚO','2025-10-04','2025-10-05',1,90,3,0,0,0,0,0,0,0,0,0,0,0,0,0,3,0),
('KC (09)','U-19','PŚO','2025-10-18','2025-10-19',1,90,0,0,2,0,0,0,0,0,0,0,0,0,0,0,2,0),
('KC (09)','U-19','PŚO','2025-10-25','2025-10-26',2,130,0,0,0,0,-2,0,-1,0,2,0,2,0,0,0,0,1),
('KF (09)','U-19','PW/LW','2025-09-20','2025-09-21',1,90,0,2,0,0,0,0,0,0,0,0,0,0,0,0,2,0),
('KF (09)','U-19','PW/LW','2025-09-29','2025-09-30',1,60,0,4,0,0,0,0,0,0,0,0,0,0,0,0,4,0),
('KF (09)','U-19','LW/PW','2025-10-04','2025-10-05',1,90,0,2,0,0,0,0,0,0,0,2,0,0,0,0,4,0),
('KF (09)','U-19','LW/PW','2025-10-11','2025-10-12',1,60,0,2,0,0,0,0,0,0,0,1,0,0,0,0,3,0),
('KF (09)','U-19','LW/PW','2025-10-18','2025-10-19',1,60,0,2,0,0,0,0,0,0,0,0,0,0,0,0,2,0),
('KF (09)','U-19','PW/LW','2025-10-25','2025-10-26',2,135,0,2,0,0,0,0,0,0,0,1,2,0,0,0,5,0),
('KN (08)','U-19','PŚO','2025-09-20','2025-09-21',1,32,0,0,0,0,0,0,0,0,0,0,0,0,0,0,0,0),
('KN (08)','U-19','PŚO','2025-09-29','2025-09-30',0,0,0,0,0,0,0,0,0,0,0,0,0,0,0,0,0,0),
('KN (08)','U-19','PŚO','2025-10-04','2025-10-05',0,0,0,0,0,0,0,0,0,0,0,0,0,0,0,0,0,0),
('KN (08)','U-19','PŚO','2025-10-11','2025-10-12',1,90,0,0,0,0,-4,-6,0,0,0,0,0,0,0,1,-4,-5),
('KN (08)','U-19','PŚO','2025-10-18','2025-10-19',0,0,0,0,0,0,0,0,0,0,0,0,0,0,0,0,0,0),
('MA (08)','U-19','ŚPO','2025-09-20','2025-09-21',1,90,0,0,0,0,0,0,0,0,0,0,0,0,0,0,0,0),
('MA (08)','U-19','ŚPO','2025-09-29','2025-09-30',1,90,0,4,2,0,0,0,0,0,0,1,0,0,0,0,7,0),
('MA (08)','U-19','ŚPO','2025-10-04','2025-10-05',1,45,0,0,0,0,0,0,0,0,0,0,0,0,0,0,0,0),
('MA (08)','U-19','ŚPO','2025-10-11','2025-10-12',1,90,0,0,0,0,0,0,0,0,0,0,0,0,0,0,0,0),
('MA (08)','U-19','ŚPO','2025-10-18','2025-10-19',1,50,0,2,2,0,0,0,0,0,0,0,0,0,0,0,4,0),
('MA (08)','U-19','ŚPO','2025-10-25','2025-10-26',2,133,0,4,0,0,0,0,0,0,0,0,0,0,0,0,4,0),
('MC (06)','C2','WAHADŁO','2025-09-20','2025-09-21',0,0,0,0,0,0,0,0,0,0,0,0,0,0,0,0,0,0),
('MC (06)','C2','WAHADŁO','2025-09-29','2025-09-30',0,0,0,0,0,0,0,0,0,0,0,0,0,0,0,0,0,0),
('MC (06)','C2','WAHADŁO','2025-10-04','2025-10-05',0,0,0,0,0,0,0,0,0,0,0,0,0,0,0,0,0,0),
('MC (06)','C2','WAHADŁO','2025-10-11','2025-10-12',0,0,0,0,0,0,0,0,0,0,0,0,0,0,0,0,0,0),
('MC (06)','C2','WAHADŁO','2025-10-18','2025-10-19',1,0,0,0,0,0,0,0,0,0,0,0,0,0,0,0,0,0),
('MC (06)','C2','WAHADŁO','2025-10-25','2025-10-26',1,0,0,0,0,0,0,0,0,0,0,0,0,0,0,0,0,0),
('MM (09)','U-19','ŚP','2025-09-20','2025-09-21',1,90,0,0,0,0,0,0,0,0,0,0,0,0,0,0,0,0),
('MM (09)','U-19','ŚP','2025-09-29','2025-09-30',1,90,0,0,0,0,-2,0,0,0,0,3,0,0,0,0,1,0),
('MM (09)','U-19','ŚP','2025-10-04','2025-10-05',0,0,0,0,0,0,0,0,0,0,0,0,0,0,0,0,0,0),
('MM (09)','U-19','ŚP','2025-10-11','2025-10-12',1,0,0,0,0,0,0,0,0,0,0,0,0,0,0,0,0,0),
('MM (09)','U-19','ŚP','2025-10-18','2025-10-19',1,30,0,0,0,0,0,0,0,0,0,1,0,0,0,0,1,0),
('MM (09)','U-19','ŚP','2025-10-25','2025-10-26',2,150,0,2,0,0,-2,0,0,0,0,0,0,2,0,0,0,2),
('MP (07)','C2','PW/LW','2025-09-20','2025-09-21',0,0,0,0,0,0,0,0,0,0,0,0,0,0,0,0,0,0),
('MP (07)','C2','PW/LW','2025-09-29','2025-09-30',0,0,0,0,0,0,0,0,0,0,0,0,0,0,0,0,0,0),
('MP (07)','C2','LW/PW','2025-10-04','2025-10-05',1,45,0,0,0,2,0,0,0,0,0,0,0,0,0,0,2,0),
('MP (07)','C2','LW/PW','2025-10-11','2025-10-12',1,90,0,0,0,0,0,0,0,0,0,0,0,2,0,0,0,2),
('MP (07)','C2','LW/PW','2025-10-18','2025-10-19',1,90,0,0,0,0,0,0,0,0,0,0,0,0,0,0,0,0),
('MP (07)','C2','LW/PW','2025-10-25','2025-10-26',1,45,0,0,0,0,0,0,0,0,0,1,0,0,0,0,1,0),
('MP (10)','U-17','ŚO','2025-09-20','2025-09-21',1,90,0,0,0,0,0,0,-1,0,0,0,0,0,0,2,0,1),
('MP (10)','U-17','ŚO','2025-09-29','2025-09-30',1,25,0,0,0,0,0,0,-1,0,0,0,0,0,0,0,0,-1),
('MP (10)','U-17','ŚO','2025-10-04','2025-10-05',1,45,0,0,0,0,0,0,-1,0,0,0,0,0,0,0,0,-1),
('MP (10)','U-17','ŚO','2025-10-11','2025-10-12',1,90,0,0,0,0,0,0,0,-1,0,0,0,0,2,3,0,4),
('MP (10)','U-17','ŚO','2025-10-18','2025-10-19',2,105,0,0,0,0,-2,0,0,0,0,0,0,2,0,0,-2,2),
('MP (10)','U-17','ŚO','2025-10-25','2025-10-26',1,90,0,0,0,0,-2,0,0,-1,0,0,0,4,0,0,-2,3),
('MS (06)','C2','ŚPO','2025-09-20','2025-09-21',1,39,0,0,0,0,0,0,0,0,0,1,0,0,0,1,1,1),
('MS (06)','C2','ŚPO','2025-09-29','2025-09-30',1,42,0,0,0,0,0,0,0,0,0,0,0,0,0,0,0,0),
('MS (06)','C2','ŚPO','2025-10-04','2025-10-05',1,35,0,0,0,0,0,0,0,0,0,1,0,0,0,0,1,0),
('MS (06)','C2','ŚPO','2025-10-11','2025-10-12',1,60,0,0,2,0,0,0,0,0,0,0,0,0,0,0,2,0),
('MS (06)','C2','ŚPO','2025-10-18','2025-10-19',1,60,0,2,0,0,0,0,0,0,0,1,0,0,0,0,3,0),
('MS (06)','C2','ŚPO','2025-10-25','2025-10-26',1,70,0,0,0,0,0,0,0,0,0,2,0,0,0,0,2,0),
('MT (07)','C2','WAHADŁO','2025-09-20','2025-09-21',1,70,0,0,0,4,0,0,0,0,0,2,4,0,2,0,10,2),
('MT (07)','C2','WAHADŁO','2025-09-29','2025-09-30',1,90,0,0,2,0,0,0,0,0,0,1,0,0,2,0,3,2),
('MT (07)','C2','WAHADŁO','2025-10-04','2025-10-05',1,90,3,0,0,0,0,-2,-1,0,0,1,0,0,2,0,4,-1),
('MT (07)','C2','WAHADŁO','2025-10-11','2025-10-12',1,90,0,0,2,4,0,0,0,0,0,1,0,0,2,0,7,2),
('MT (07)','C2','WAHADŁO','2025-10-18','2025-10-19',1,90,0,0,0,0,0,0,0,0,0,2,0,0,0,0,2,0),
('MT (07)','C2','WAHADŁO','2025-10-25','2025-10-26',1,20,0,0,0,0,0,0,0,0,0,1,0,0,0,0,1,0),
('OK (08)','U-19','LŚO','2025-09-20','2025-09-21',1,35,0,0,0,0,0,0,0,0,0,0,0,0,0,0,0,0),
('OK (08)','U-19','LŚO','2025-09-29','2025-09-30',1,90,0,2,0,2,0,0,0,0,0,0,0,0,0,0,4,0),
('OK (08)','U-19','LŚO','2025-10-04','2025-10-05',1,90,3,0,0,0,0,0,0,0,0,0,0,2,2,0,3,4),
('OK (08)','U-19','LŚO','2025-10-11','2025-10-12',1,90,0,0,0,0,0,-2,0,0,0,0,0,2,0,1,0,1),
('OK (08)','U-19','LŚO','2025-10-25','2025-10-26',2,160,0,0,0,2,0,0,-1,0,0,0,0,2,2,1,2,4),
('OŁ (08)','U-19','ŚPO/PW/LW','2025-09-20','2025-09-21',0,0,0,0,0,0,0,0,0,0,0,0,0,0,0,0,0,0),
('OŁ (08)','U-19','LW/PW/ŚPO','2025-09-29','2025-09-30',1,60,6,0,0,0,0,0,0,0,0,2,0,0,0,0,8,0),
('OŁ (08)','U-19','ŚPO/LW/PW','2025-10-04','2025-10-05',1,90,0,2,0,0,0,0,0,0,0,1,0,0,0,0,3,0),
('OŁ (08)','U-19','LW/PW/ŚPO','2025-10-11','2025-10-12',1,55,0,0,0,0,0,0,0,0,0,0,0,0,0,0,0,0),
('OŁ (08)','U-19','ŚPO/LW/PW','2025-10-18','2025-10-19',1,40,0,0,2,0,0,0,0,0,0,0,0,0,0,0,2,0),
('OŁ (08)','U-19','LW/PW/ŚPO','2025-10-25','2025-10-26',1,45,0,0,0,0,0,0,0,0,0,0,0,0,0,0,0,0),
('PJ (09)','U-17','NAPASTNIK','2025-09-20','2025-09-21',1,90,3,0,2,2,0,0,0,0,0,4,4,4,0,0,15,4),
('PJ (09)','U-17','NAPASTNIK','2025-09-29','2025-09-30',1,65,3,2,0,0,0,0,0,0,0,0,0,0,0,0,5,0),
('PJ (09)','U-17','NAPASTNIK','2025-10-04','2025-10-05',1,45,0,2,0,0,0,0,0,0,0,0,0,0,0,0,2,0),
('PJ (09)','U-17','NAPASTNIK','2025-10-11','2025-10-12',1,45,0,0,0,0,0,0,0,0,0,0,0,0,0,0,0,0),
('PJ (09)','U-17','NAPASTNIK','2025-10-18','2025-10-19',2,135,3,0,4,2,0,0,0,-2,0,3,0,2,0,0,12,0),
('PJ (09)','U-17','NAPASTNIK','2025-10-25','2025-10-26',2,47,3,0,0,0,0,0,0,0,0,1,0,0,0,0,4,0),
('PN (03)','C2','ŚO','2025-09-20','2025-09-21',1,90,0,0,0,0,0,-2,0,0,0,0,0,0,8,0,0,6),
('PN (03)','C2','ŚO','2025-09-29','2025-09-30',1,68,0,0,0,2,0,0,0,0,0,0,0,0,0,0,2,0),
('PN (03)','C2','ŚO','2025-10-04','2025-10-05',1,90,0,0,0,0,0,0,-1,0,0,1,0,0,0,0,1,-1),
('PN (03)','C2','ŚO','2025-10-11','2025-10-12',1,90,0,0,0,0,0,0,0,0,0,0,0,0,4,0,0,4),
('PN (03)','C2','ŚO','2025-10-18','2025-10-19',1,90,0,0,0,0,0,0,0,0,0,0,0,0,4,1,0,5),
('PN (03)','C2','ŚO','2025-10-25','2025-10-26',1,0,0,0,0,0,0,0,0,0,0,0,0,0,0,0,0,0),
('RM (03)','C2','WAHADŁO','2025-09-20','2025-09-21',0,0,0,0,0,0,0,0,0,0,0,0,0,0,0,0,0,0),
('RM (03)','C2','WAHADŁO','2025-09-29','2025-09-30',0,0,0,0,0,0,0,0,0,0,0,0,0,0,0,0,0,0),
('RM (03)','C2','WAHADŁO','2025-10-04','2025-10-05',1,35,0,0,0,0,0,-2,0,0,0,0,0,0,0,0,0,-2),
('RM (03)','C2','WAHADŁO','2025-10-11','2025-10-12',1,60,0,0,0,0,0,0,0,0,0,1,0,0,2,0,1,2),
('RM (03)','C2','WAHADŁO','2025-10-18','2025-10-19',1,30,0,0,0,0,0,0,0,0,0,1,0,0,0,0,1,0),
('RM (03)','C2','WAHADŁO','2025-10-25','2025-10-26',1,70,0,0,0,0,0,0,0,0,0,0,0,0,0,0,0,0),
('SK (07)','C2','10','2025-09-20','2025-09-21',0,0,0,0,0,0,0,0,0,0,0,0,0,0,0,0,0,0),
('SK (07)','C2','10','2025-09-29','2025-09-30',0,0,0,0,0,0,0,0,0,0,0,0,0,0,0,0,0,0),
('SK (07)','C2','10','2025-10-04','2025-10-05',1,45,3,0,4,0,0,0,0,0,0,1,4,0,0,0,12,0),
('SK (07)','C2','10','2025-10-11','2025-10-12',0,0,0,0,0,0,0,0,0,0,0,0,0,0,0,0,0,0),
('SK (07)','C2','10','2025-10-18','2025-10-19',1,0,0,0,0,0,0,0,0,0,0,0,0,0,0,0,0,0),
('SK (07)','C2','10','2025-10-25','2025-10-26',1,15,0,0,0,0,0,0,0,0,0,0,0,0,0,0,0,0),
('TW (05)','C2','PŚO','2025-09-20','2025-09-21',1,90,0,0,0,0,0,-2,0,0,0,0,0,0,0,4,0,2),
('TW (05)','C2','PŚO','2025-09-29','2025-09-30',1,90,0,0,0,0,0,-2,0,0,0,0,0,0,2,2,0,2),
('TW (05)','C2','PŚO','2025-10-04','2025-10-05',1,90,0,0,0,0,0,-2,0,0,0,0,0,0,0,1,0,-1),
('TW (05)','C2','PŚO','2025-10-11','2025-10-12',0,0,0,0,0,0,0,0,0,0,0,0,0,0,0,0,0,0),
('TW (05)','C2','PŚO','2025-10-18','2025-10-19',1,90,0,0,0,0,0,0,0,0,0,0,0,0,0,0,0,0),
('TW (05)','C2','PŚO','2025-10-25','2025-10-26',1,90,0,0,0,0,0,0,0,0,0,0,0,0,0,0,0,0),
('WD (07)','U-19','ŚP','2025-09-20','2025-09-21',1,65,0,2,0,0,0,0,0,0,0,1,0,0,0,0,3,0),
('WD (07)','U-19','ŚP','2025-09-29','2025-09-30',0,0,0,0,0,0,0,0,0,0,0,0,0,0,0,0,0,0),
('WD (07)','U-19','ŚP','2025-10-04','2025-10-05',0,0,0,0,0,0,0,0,0,0,0,0,0,0,0,0,0,0),
('WD (07)','U-19','ŚP','2025-10-11','2025-10-12',0,0,0,0,0,0,0,0,0,0,0,0,0,0,0,0,0,0),
('WD (07)','U-19','ŚP','2025-10-18','2025-10-19',0,0,0,0,0,0,0,0,0,0,0,0,0,0,0,0,0,0),
('WD (07)','U-19','ŚP','2025-10-25','2025-10-26',1,32,0,2,0,0,0,0,0,0,0,0,0,0,0,0,2,0),
('WG (08)','U-19','NAPASTNIK','2025-09-20','2025-09-21',1,35,0,0,0,0,0,0,0,0,0,0,0,0,0,0,0,0),
('WG (08)','U-19','NAPASTNIK','2025-09-29','2025-09-30',1,90,0,0,0,0,0,0,0,0,0,2,0,0,0,0,2,0),
('WG (08)','U-19','NAPASTNIK','2025-10-04','2025-10-05',0,0,0,0,0,0,0,0,0,0,0,0,0,0,0,0,0,0),
('WG (08)','U-19','NAPASTNIK','2025-10-11','2025-10-12',1,0,0,0,0,0,0,0,0,0,0,0,0,0,0,0,0,0),
('WG (08)','U-19','NAPASTNIK','2025-10-18','2025-10-19',0,0,0,0,0,0,0,0,0,0,0,0,0,0,0,0,0,0),
('WG (08)','U-19','NAPASTNIK','2025-10-25','2025-10-26',2,110,6,0,2,0,0,0,0,0,0,2,0,2,0,0,10,2),
('WM (07)','C2','WAHADŁO','2025-09-20','2025-09-21',0,0,0,0,0,0,0,0,0,0,0,0,0,0,0,0,0,0),
('WM (07)','C2','WAHADŁO','2025-09-29','2025-09-30',0,0,0,0,0,0,0,0,0,0,0,0,0,0,0,0,0,0),
('WM (07)','C2','WAHADŁO','2025-10-04','2025-10-05',0,0,0,0,0,0,0,0,0,0,0,0,0,0,0,0,0,0),
('WM (07)','C2','WAHADŁO','2025-10-11','2025-10-12',1,30,0,0,0,0,0,0,0,0,0,0,0,0,0,0,0,0),
('WM (07)','C2','ŚPD','2025-10-18','2025-10-19',1,60,0,0,0,0,0,0,0,0,0,0,0,0,0,0,0,0),
('WM (07)','C2','WAHADŁO','2025-10-25','2025-10-26',1,60,0,0,0,0,0,0,0,0,0,2,0,0,0,0,2,0),
('WS (10)','U-17','ŚPO/NAPASTNIK','2025-09-20','2025-09-21',1,80,0,0,2,0,0,0,0,0,0,2,2,0,0,0,6,0),
('WS (10)','U-17','ŚPO/NAPASTNIK','2025-09-29','2025-09-30',1,90,0,0,0,0,0,0,0,0,0,1,0,0,0,0,1,0),
('WS (10)','U-17','ŚPO/NAPASTNIK','2025-10-04','2025-10-05',1,90,0,0,0,2,0,0,0,0,0,1,2,0,0,0,5,0),
('WS (10)','U-17','ŚPO/NAPASTNIK','2025-10-11','2025-10-12',1,90,3,2,0,2,0,0,0,0,0,0,0,0,0,0,7,0),
('WS (10)','U-17','ŚPO/NAPASTNIK','2025-10-18','2025-10-19',2,90,3,0,0,0,-2,0,0,0,0,0,0,0,0,0,1,0),
('WS (10)','U-17','ŚPO/NAPASTNIK','2025-10-25','2025-10-26',1,90,3,0,0,0,0,0,0,0,0,0,2,0,0,0,5,0),
('WW (09)','U-17','LW/PW','2025-09-20','2025-09-21',1,10,0,0,0,0,0,0,0,0,0,1,2,0,0,0,3,0),
('WW (09)','U-17','PW/LW','2025-09-29','2025-09-30',0,0,0,0,0,0,0,0,0,0,0,0,0,0,0,0,0,0),
('WW (09)','U-17','LW/PW','2025-10-04','2025-10-05',0,0,0,0,0,0,0,0,0,0,0,0,0,0,0,0,0,0),
('WW (09)','U-17','LW/PW','2025-10-11','2025-10-12',0,0,0,0,0,0,0,0,0,0,0,0,0,0,0,0,0,0),
('WW (09)','U-17','LW/PW','2025-10-18','2025-10-19',1,0,0,0,0,0,0,0,0,0,0,0,0,0,0,0,0,0),
('WW (09)','U-17','LW/PW','2025-10-25','2025-10-26',0,0,0,0,0,0,0,0,0,0,0,0,0,0,0,0,0,0);
/*!40000 ALTER TABLE `fantasypasy_stats` ENABLE KEYS */;
UNLOCK TABLES;

--
-- Table structure for table `measurement_periods`
--

DROP TABLE IF EXISTS `measurement_periods`;
/*!40101 SET @saved_cs_client     = @@character_set_client */;
/*!40101 SET character_set_client = utf8mb4 */;
CREATE TABLE `measurement_periods` (
  `PeriodID` int(11) NOT NULL AUTO_INCREMENT,
  `Label` varchar(120) NOT NULL,
  `DateStart` date NOT NULL,
  `DateEnd` date NOT NULL,
  PRIMARY KEY (`PeriodID`),
  UNIQUE KEY `uniq_label_dates` (`Label`,`DateStart`,`DateEnd`)
) ENGINE=InnoDB AUTO_INCREMENT=10 DEFAULT CHARSET=utf8mb4 COLLATE=utf8mb4_uca1400_ai_ci;
/*!40101 SET character_set_client = @saved_cs_client */;

--
-- Dumping data for table `measurement_periods`
--

LOCK TABLES `measurement_periods` WRITE;
/*!40000 ALTER TABLE `measurement_periods` DISABLE KEYS */;
INSERT INTO `measurement_periods` VALUES
(4,'11-12.10','2025-10-11','2025-10-12'),
(8,'15.10','2025-10-15','2025-10-15'),
(5,'18-19.10','2025-10-18','2025-10-19'),
(1,'20-21.09','2025-09-20','2025-09-21'),
(6,'25-26.10','2025-10-25','2025-10-26'),
(7,'27-28.09','2025-09-27','2025-09-28'),
(2,'29-30.09','2025-09-29','2025-09-30'),
(9,'29.10','2025-10-29','2025-10-29'),
(3,'4-5.10','2025-10-04','2025-10-05');
/*!40000 ALTER TABLE `measurement_periods` ENABLE KEYS */;
UNLOCK TABLES;

--
-- Table structure for table `motoryka_stats`
--

DROP TABLE IF EXISTS `motoryka_stats`;
/*!40101 SET @saved_cs_client     = @@character_set_client */;
/*!40101 SET character_set_client = utf8mb4 */;
CREATE TABLE `motoryka_stats` (
  `Name` varchar(100) NOT NULL,
  `Team` varchar(100) NOT NULL,
  `Position` varchar(50) NOT NULL,
  `DateStart` date NOT NULL,
  `DateEnd` date NOT NULL,
  `Minutes` int(11) NOT NULL DEFAULT 0 CHECK (`Minutes` >= 0),
  `TD_m` int(11) NOT NULL DEFAULT 0 CHECK (`TD_m` >= 0),
  `TD_km_1stTeam` decimal(6,3) NOT NULL DEFAULT 0.000 CHECK (`TD_km_1stTeam` >= 0),
  `HSR_m` int(11) NOT NULL DEFAULT 0 CHECK (`HSR_m` >= 0),
  `HSR_1stTeam` int(11) NOT NULL DEFAULT 0 CHECK (`HSR_1stTeam` >= 0),
  `Sprint_m` int(11) NOT NULL DEFAULT 0 CHECK (`Sprint_m` >= 0),
  `Sprint_1stTeam` int(11) NOT NULL DEFAULT 0 CHECK (`Sprint_1stTeam` >= 0),
  `ACC` int(11) NOT NULL DEFAULT 0 CHECK (`ACC` >= 0),
  `ACC_1stTeam` int(11) NOT NULL DEFAULT 0 CHECK (`ACC_1stTeam` >= 0),
  `DECEL` int(11) NOT NULL DEFAULT 0 CHECK (`DECEL` >= 0),
  `DECEL_1stTeam` int(11) NOT NULL DEFAULT 0 CHECK (`DECEL_1stTeam` >= 0),
  `PlayerIntensityIndex` decimal(8,3) GENERATED ALWAYS AS (`HSR_m` * 1.0 + `Sprint_m` * 1.5 + `ACC` * 2.0 + `DECEL` * 2.0) STORED,
  `PlayerIntensityIndexComparingToTeamAverage` decimal(8,3) NOT NULL DEFAULT 0.000,
  PRIMARY KEY (`Name`,`DateStart`,`DateEnd`),
  KEY `idx_moto_team_dates` (`Team`,`DateStart`,`DateEnd`),
  KEY `idx_moto_pos_dates` (`Position`,`DateStart`,`DateEnd`)
) ENGINE=InnoDB DEFAULT CHARSET=utf8mb4 COLLATE=utf8mb4_uca1400_ai_ci;
/*!40101 SET character_set_client = @saved_cs_client */;

--
-- Dumping data for table `motoryka_stats`
--

LOCK TABLES `motoryka_stats` WRITE;
/*!40000 ALTER TABLE `motoryka_stats` DISABLE KEYS */;
INSERT INTO `motoryka_stats` VALUES
('AW (05)','C2','10','2025-09-20','2025-09-21',24,2848,0.000,277,0,84,0,30,0,31,0,525.000,0.000),
('AW (05)','C2','10','2025-10-11','2025-10-12',35,3849,0.000,350,0,115,0,46,0,54,0,722.500,0.000),
('AW (05)','C2','10','2025-10-18','2025-10-19',56,7376,0.000,743,0,210,0,102,0,118,0,1498.000,0.000),
('AW (05)','C2','10','2025-10-25','2025-10-26',31,3161,0.000,319,0,104,0,57,0,54,0,697.000,0.000),
('BO (09)','U-17','LW/PW/ŚPO','2025-10-04','2025-10-05',45,5187,0.000,152,0,25,0,52,0,54,0,401.500,0.000),
('BO (09)','U-17','LW/PW/ŚPO','2025-10-15','2025-10-15',45,5246,0.000,430,0,62,0,51,0,48,0,721.000,0.000),
('BO (09)','U-17','LW/PW/ŚPO','2025-10-18','2025-10-19',30,3454,0.000,250,0,31,0,51,0,48,0,494.500,0.000),
('BO (09)','U-17','PW/LW/ŚPO','2025-10-25','2025-10-26',90,11123,0.000,1324,0,267,0,128,0,114,0,2208.500,0.000),
('BO (09)','U-17','LW/PW/ŚPO','2025-10-29','2025-10-29',45,5057,0.000,465,0,80,0,63,0,70,0,851.000,0.000),
('BZ (09)','U-17','ŚP','2025-09-27','2025-09-28',45,5843,0.000,261,0,17,0,68,0,68,0,558.500,0.000),
('BZ (09)','U-17','ŚP','2025-10-04','2025-10-05',90,10543,0.000,318,0,22,0,102,0,79,0,713.000,0.000),
('BZ (09)','U-17','ŚP','2025-10-11','2025-10-12',45,5600,0.000,208,0,34,0,48,0,37,0,429.000,0.000),
('BZ (09)','U-17','ŚP','2025-10-15','2025-10-15',90,10754,0.000,741,0,142,0,123,0,151,0,1502.000,0.000),
('BZ (09)','U-17','ŚP','2025-10-18','2025-10-19',45,5783,0.000,187,0,30,0,46,0,51,0,426.000,0.000),
('BZ (09)','U-17','ŚP','2025-10-25','2025-10-26',65,8540,0.000,323,0,42,0,69,0,51,0,626.000,0.000),
('BZ (09)','U-17','ŚP','2025-10-29','2025-10-29',45,5903,0.000,234,0,24,0,62,0,65,0,524.000,0.000),
('DK (07)','C2','NAPASTNIK','2025-09-20','2025-09-21',94,10133,0.000,299,0,73,0,86,0,74,0,728.500,0.000),
('DK (07)','C2','NAPASTNIK','2025-09-27','2025-09-28',84,9000,0.000,303,0,22,0,101,0,81,0,700.000,0.000),
('DK (07)','C2','NAPASTNIK','2025-10-04','2025-10-05',30,3701,0.000,164,0,80,0,30,0,39,0,422.000,0.000),
('DK (07)','C2','NAPASTNIK','2025-10-11','2025-10-12',79,8834,0.000,507,0,103,0,105,0,102,0,1075.500,0.000),
('DK (07)','C2','NAPASTNIK','2025-10-25','2025-10-26',76,8841,0.000,357,0,105,0,87,0,82,0,852.500,0.000),
('DK (10)','U-17','ŚP','2025-09-27','2025-09-28',90,10586,0.000,560,0,34,0,93,0,123,0,1043.000,0.000),
('DK (10)','U-17','ŚP','2025-10-04','2025-10-05',90,10795,0.000,566,0,116,0,118,0,122,0,1220.000,0.000),
('DK (10)','U-17','ŚP','2025-10-11','2025-10-12',80,10263,0.000,312,0,36,0,82,0,144,0,818.000,0.000),
('DK (10)','U-17','ŚP','2025-10-15','2025-10-15',70,8347,0.000,512,0,89,0,79,0,84,0,971.500,0.000),
('DK (10)','U-17','ŚP','2025-10-18','2025-10-19',90,10518,0.000,508,0,98,0,105,0,111,0,1087.000,0.000),
('DK (10)','U-17','ŚP','2025-10-25','2025-10-26',45,5512,0.000,243,0,30,0,42,0,26,0,424.000,0.000),
('DK (10)','U-17','ŚP','2025-10-29','2025-10-29',90,10385,0.000,583,0,68,0,84,0,102,0,1057.000,0.000),
('DP (08)','C2','10','2025-09-27','2025-09-28',57,7425,0.000,653,0,51,0,107,0,86,0,1115.500,0.000),
('DP (08)','C2','10','2025-10-04','2025-10-05',55,7179,0.000,436,0,27,0,100,0,90,0,856.500,0.000),
('DP (08)','C2','10','2025-10-18','2025-10-19',28,3345,0.000,179,0,0,0,47,0,47,0,367.000,0.000),
('DP (08)','C2','10','2025-10-25','2025-10-26',12,1219,0.000,119,0,34,0,17,0,17,0,238.000,0.000),
('EM (08)','U-19','LW/PW','2025-09-20','2025-09-21',45,5290,0.000,397,0,89,0,52,0,57,0,748.500,0.000),
('EM (08)','U-19','LW/PW','2025-10-15','2025-10-15',30,2563,0.000,141,0,34,0,43,0,47,0,372.000,0.000),
('EM (08)','U-19','LW/PW','2025-10-18','2025-10-19',45,4844,0.000,332,0,107,0,58,0,64,0,736.500,0.000),
('EM (08)','U-19','PW/LW','2025-10-25','2025-10-26',60,5387,0.000,553,0,138,0,46,0,50,0,952.000,0.000),
('FS (06)','C2','8','2025-09-20','2025-09-21',7,983,0.000,60,0,11,0,15,0,15,0,136.500,0.000),
('FS (06)','C2','8','2025-09-27','2025-09-28',84,9691,0.000,489,0,58,0,97,0,97,0,964.000,0.000),
('FS (06)','C2','8','2025-10-04','2025-10-05',90,11201,0.000,431,0,70,0,121,0,108,0,994.000,0.000),
('FS (06)','C2','8','2025-10-11','2025-10-12',95,11324,0.000,699,0,17,0,114,0,124,0,1200.500,0.000),
('FS (06)','C2','8','2025-10-18','2025-10-19',66,8310,0.000,466,0,22,0,92,0,105,0,893.000,0.000),
('FS (06)','C2','8','2025-10-25','2025-10-26',86,10557,0.000,517,0,31,0,124,0,108,0,1027.500,0.000),
('IO (10)','U-17','LŚO/LO','2025-10-15','2025-10-15',45,5215,0.000,407,0,65,0,58,0,72,0,764.500,0.000),
('IO (10)','U-17','LO/LŚO','2025-10-18','2025-10-19',45,5523,0.000,321,0,76,0,74,0,80,0,743.000,0.000),
('IO (10)','U-17','LŚO/LO','2025-10-25','2025-10-26',25,2782,0.000,168,0,53,0,48,0,55,0,453.500,0.000),
('IO (10)','U-17','LO/LŚO','2025-10-29','2025-10-29',45,5922,0.000,542,0,98,0,63,0,47,0,909.000,0.000),
('IS (10)','U-17','ŚP','2025-09-27','2025-09-28',55,6599,0.000,725,0,130,0,96,0,89,0,1290.000,0.000),
('IS (10)','U-17','ŚP','2025-10-04','2025-10-05',70,8090,0.000,361,0,16,0,81,0,73,0,693.000,0.000),
('IS (10)','U-17','ŚP','2025-10-11','2025-10-12',90,12365,0.000,507,0,46,0,100,0,112,0,1000.000,0.000),
('IS (10)','U-17','ŚP','2025-10-15','2025-10-15',60,6522,0.000,394,0,55,0,63,0,65,0,732.500,0.000),
('IS (10)','U-17','ŚP','2025-10-18','2025-10-19',45,5643,0.000,190,0,30,0,50,0,48,0,431.000,0.000),
('IS (10)','U-17','ŚP','2025-10-25','2025-10-26',60,8153,0.000,492,0,75,0,70,0,54,0,852.500,0.000),
('IS (10)','U-17','ŚP','2025-10-29','2025-10-29',45,5402,0.000,213,0,38,0,44,0,52,0,462.000,0.000),
('JK (09)','U-17','ŚO','2025-10-04','2025-10-05',90,10326,0.000,474,0,96,0,92,0,102,0,1006.000,0.000),
('JK (09)','U-17','ŚO','2025-10-11','2025-10-12',90,8422,0.000,371,0,87,0,137,0,127,0,1029.500,0.000),
('JK (09)','U-17','ŚO','2025-10-15','2025-10-15',90,9817,0.000,423,0,76,0,99,0,81,0,897.000,0.000),
('JK (09)','U-17','ŚO','2025-10-18','2025-10-19',90,9744,0.000,481,0,71,0,67,0,76,0,873.500,0.000),
('JK (09)','U-17','ŚO','2025-10-25','2025-10-26',90,10187,0.000,461,0,54,0,92,0,80,0,886.000,0.000),
('JW (06)','C2','LŚO','2025-09-20','2025-09-21',49,4890,0.000,221,0,66,0,48,0,36,0,488.000,0.000),
('JW (06)','C2','LŚO','2025-09-27','2025-09-28',100,10758,0.000,558,0,188,0,118,0,110,0,1296.000,0.000),
('JW (06)','C2','LŚO','2025-10-04','2025-10-05',55,6516,0.000,358,0,123,0,71,0,60,0,804.500,0.000),
('JW (06)','C2','LŚO','2025-10-11','2025-10-12',95,9996,0.000,526,0,154,0,113,0,100,0,1183.000,0.000),
('JW (09)','U-17','LW/PW','2025-09-27','2025-09-28',45,6692,0.000,279,0,15,0,51,0,58,0,519.500,0.000),
('JW (09)','U-17','LW/PW','2025-10-04','2025-10-05',60,6625,0.000,450,0,82,0,64,0,59,0,819.000,0.000),
('JW (09)','U-17','LW/PW','2025-10-11','2025-10-12',90,10752,0.000,1031,0,332,0,100,0,95,0,1919.000,0.000),
('JW (09)','U-17','LW/PW','2025-10-15','2025-10-15',45,5185,0.000,254,0,73,0,49,0,46,0,553.500,0.000),
('JW (09)','U-17','LW/PW','2025-10-25','2025-10-26',30,3913,0.000,312,0,58,0,47,0,44,0,581.000,0.000),
('JW (09)','U-17','LW/PW','2025-10-29','2025-10-29',45,5564,0.000,317,0,45,0,67,0,66,0,650.500,0.000),
('KC (07)','U-19','PŚO','2025-09-20','2025-09-21',87,10002,0.000,391,0,71,0,82,0,73,0,807.500,0.000),
('KC (07)','U-19','PŚO','2025-09-27','2025-09-28',90,10678,0.000,653,0,112,0,112,0,101,0,1247.000,0.000),
('KC (07)','U-19','ŚO','2025-10-04','2025-10-05',45,4504,0.000,204,0,35,0,145,0,41,0,628.500,0.000),
('KC (07)','U-19','ŚO','2025-10-18','2025-10-19',30,3278,0.000,102,0,17,0,31,0,30,0,249.500,0.000),
('KC (09)','U-19','ŚO','2025-09-20','2025-09-21',58,6284,0.000,216,0,48,0,55,0,46,0,490.000,0.000),
('KC (09)','U-19','ŚO','2025-09-27','2025-09-28',45,5304,0.000,308,0,89,0,62,0,54,0,673.500,0.000),
('KC (09)','U-19','PŚO','2025-10-04','2025-10-05',90,9848,0.000,391,0,43,0,103,0,116,0,893.500,0.000),
('KC (09)','U-19','PŚO','2025-10-18','2025-10-19',45,5333,0.000,178,0,8,0,50,0,58,0,406.000,0.000),
('KC (09)','U-19','PŚO','2025-10-25','2025-10-26',70,4989,0.000,408,0,88,0,52,0,52,0,748.000,0.000),
('KC (09)','U-19','PŚO','2025-10-29','2025-10-29',90,9929,0.000,542,0,77,0,97,0,116,0,1083.500,0.000),
('KF (09)','U-19','LW/PW','2025-09-20','2025-09-21',90,10082,0.000,748,0,151,0,100,0,109,0,1392.500,0.000),
('KF (09)','U-19','LW/PW','2025-09-27','2025-09-28',60,7504,0.000,589,0,205,0,97,0,85,0,1260.500,0.000),
('KF (09)','U-19','PW/LW','2025-10-04','2025-10-05',45,5078,0.000,353,0,45,0,65,0,71,0,692.500,0.000),
('KF (09)','U-19','PW/LW','2025-10-11','2025-10-12',60,6022,0.000,373,0,35,0,61,0,61,0,669.500,0.000),
('KF (09)','U-19','LW/PW','2025-10-15','2025-10-15',60,6125,0.000,374,0,82,0,57,0,63,0,737.000,0.000),
('KF (09)','U-19','LW/PW','2025-10-18','2025-10-19',45,5158,0.000,485,0,163,0,51,0,57,0,945.500,0.000),
('KF (09)','U-19','LW/PW','2025-10-25','2025-10-26',90,10692,0.000,869,0,261,0,131,0,136,0,1794.500,0.000),
('KF (09)','U-19','LW/PW','2025-10-29','2025-10-29',75,9149,0.000,770,0,220,0,96,0,95,0,1482.000,0.000),
('KN (08)','U-19','PŚO','2025-09-20','2025-09-21',32,3754,0.000,134,0,35,0,32,0,28,0,306.500,0.000),
('KN (08)','U-19','PŚO','2025-09-27','2025-09-28',45,5047,0.000,252,0,45,0,48,0,42,0,499.500,0.000),
('KN (08)','U-19','PŚO','2025-10-11','2025-10-12',90,10095,0.000,419,0,88,0,117,0,111,0,1007.000,0.000),
('KN (08)','U-19','PŚO','2025-10-25','2025-10-26',23,2475,0.000,71,0,7,0,22,0,18,0,161.500,0.000),
('KN (08)','U-19','PŚO','2025-10-29','2025-10-29',23,2475,0.000,71,0,7,0,22,0,18,0,161.500,0.000),
('MA (08)','U-19','ŚPO','2025-09-20','2025-09-21',90,10848,0.000,540,0,75,0,97,0,94,0,1034.500,0.000),
('MA (08)','U-19','ŚPO','2025-09-27','2025-09-28',90,10710,0.000,499,0,62,0,104,0,132,0,1064.000,0.000),
('MA (08)','U-19','ŚPO','2025-10-04','2025-10-05',45,5480,0.000,387,0,49,0,68,0,64,0,724.500,0.000),
('MA (08)','U-19','ŚPO','2025-10-11','2025-10-12',90,11083,0.000,467,0,29,0,101,0,118,0,948.500,0.000),
('MA (08)','U-19','ŚPO','2025-10-15','2025-10-15',50,5832,0.000,345,0,33,0,73,0,76,0,692.500,0.000),
('MA (08)','U-19','ŚPO','2025-10-18','2025-10-19',45,5809,0.000,211,0,14,0,58,0,60,0,468.000,0.000),
('MA (08)','U-19','ŚPO','2025-10-25','2025-10-26',55,5702,0.000,347,0,55,0,55,0,57,0,653.500,0.000),
('MA (08)','U-19','ŚPO','2025-10-29','2025-10-29',90,11423,0.000,738,0,70,0,102,0,102,0,1251.000,0.000),
('MM (09)','U-19','ŚP','2025-09-20','2025-09-21',90,12565,0.000,1212,0,219,0,129,0,151,0,2100.500,0.000),
('MM (09)','U-19','ŚP','2025-09-27','2025-09-28',90,11609,0.000,730,0,70,0,116,0,142,0,1351.000,0.000),
('MM (09)','U-19','ŚP','2025-10-15','2025-10-15',30,2835,0.000,145,0,13,0,48,0,44,0,348.500,0.000),
('MM (09)','U-19','ŚP','2025-10-18','2025-10-19',45,4623,0.000,196,0,35,0,50,0,52,0,452.500,0.000),
('MM (09)','U-19','ŚP','2025-10-25','2025-10-26',90,12354,0.000,325,0,14,0,137,0,117,0,854.000,0.000),
('MM (09)','U-19','ŚP','2025-10-29','2025-10-29',67,8923,0.000,417,0,29,0,94,0,96,0,840.500,0.000),
('MP (10)','U-17','ŚO','2025-10-04','2025-10-05',45,5158,0.000,264,0,45,0,45,0,51,0,523.500,0.000),
('MP (10)','U-17','ŚO','2025-10-11','2025-10-12',90,10412,0.000,509,0,54,0,77,0,79,0,902.000,0.000),
('MP (10)','U-17','ŚO','2025-10-15','2025-10-15',60,6824,0.000,273,0,15,0,63,0,65,0,551.500,0.000),
('MP (10)','U-17','ŚO','2025-10-18','2025-10-19',60,6020,0.000,324,0,42,0,40,0,40,0,547.000,0.000),
('MP (10)','U-17','ŚO','2025-10-25','2025-10-26',90,10332,0.000,656,0,131,0,88,0,70,0,1168.500,0.000),
('MP (10)','U-17','ŚO','2025-10-29','2025-10-29',90,10121,0.000,667,0,34,0,66,0,61,0,972.000,0.000),
('MS (06)','C2','ŚPO','2025-10-18','2025-10-19',66,9049,0.000,873,0,112,0,104,0,81,0,1411.000,0.000),
('MS (06)','C2','ŚPO','2025-10-25','2025-10-26',67,9190,0.000,553,0,102,0,98,0,101,0,1104.000,0.000),
('MT (07)','C2','WAHADŁO','2025-09-20','2025-09-21',70,8008,0.000,519,0,48,0,78,0,80,0,907.000,0.000),
('MT (07)','C2','LW/PW','2025-09-27','2025-09-28',100,11001,0.000,738,0,109,0,134,0,146,0,1461.500,0.000),
('MT (07)','C2','LW','2025-10-04','2025-10-05',90,10866,0.000,535,0,185,0,129,0,124,0,1318.500,0.000),
('MT (07)','C2','LW','2025-10-11','2025-10-12',95,11163,0.000,858,0,252,0,142,0,129,0,1778.000,0.000),
('MT (07)','C2','LW','2025-10-18','2025-10-19',94,11181,0.000,929,0,108,0,166,0,152,0,1727.000,0.000),
('MT (07)','C2','LW','2025-10-25','2025-10-26',31,3010,0.000,210,0,80,0,33,0,37,0,470.000,0.000),
('OK (08)','U-19','LŚO','2025-09-20','2025-09-21',25,2564,0.000,131,0,25,0,28,0,21,0,266.500,0.000),
('OK (08)','U-19','LŚO','2025-09-27','2025-09-28',90,9602,0.000,245,0,93,0,74,0,66,0,664.500,0.000),
('OK (08)','U-19','LŚO','2025-10-04','2025-10-05',90,9983,0.000,469,0,110,0,93,0,75,0,970.000,0.000),
('OK (08)','U-19','LŚO','2025-10-11','2025-10-12',85,9945,0.000,314,0,74,0,112,0,96,0,841.000,0.000),
('OK (08)','U-19','LŚO','2025-10-15','2025-10-15',90,10332,0.000,347,0,17,0,111,0,108,0,810.500,0.000),
('OK (08)','U-19','LŚO','2025-10-18','2025-10-19',45,5412,0.000,111,0,15,0,48,0,55,0,339.500,0.000),
('OK (08)','U-19','LŚO','2025-10-25','2025-10-26',90,10500,0.000,407,0,55,0,133,0,84,0,923.500,0.000),
('OK (08)','U-19','LŚO','2025-10-29','2025-10-29',70,7707,0.000,384,0,71,0,77,0,55,0,754.500,0.000),
('OŁ (08)','U-19','LW/PW/ŚPO','2025-09-27','2025-09-28',60,6962,0.000,480,0,225,0,84,0,80,0,1145.500,0.000),
('OŁ (08)','U-19','LW/PW/ŚPO','2025-10-04','2025-10-05',45,5610,0.000,172,0,12,0,63,0,75,0,466.000,0.000),
('OŁ (08)','U-19','LW/PW/ŚPO','2025-10-11','2025-10-12',55,5489,0.000,509,0,100,0,50,0,57,0,873.000,0.000),
('OŁ (08)','U-19','LW/PW/ŚPO','2025-10-15','2025-10-15',40,4438,0.000,283,0,50,0,67,0,45,0,582.000,0.000),
('OŁ (08)','U-19','ŚPO/LW/PW','2025-10-18','2025-10-19',90,10805,0.000,657,0,205,0,80,0,92,0,1308.500,0.000),
('OŁ (08)','U-19','ŚPO/LW/PW','2025-10-25','2025-10-26',30,3099,0.000,259,0,108,0,37,0,37,0,569.000,0.000),
('OŁ (08)','U-19','ŚPO/PW/LW','2025-10-29','2025-10-29',30,3099,0.000,259,0,108,0,37,0,37,0,569.000,0.000),
('PJ (09)','U-17','NAPASTNIK','2025-09-27','2025-09-28',65,7446,0.000,383,0,78,0,98,0,64,0,824.000,0.000),
('PJ (09)','U-17','NAPASTNIK','2025-10-04','2025-10-05',45,5075,0.000,304,0,31,0,56,0,58,0,578.500,0.000),
('PJ (09)','U-17','NAPASTNIK','2025-10-11','2025-10-12',45,4905,0.000,282,0,30,0,55,0,72,0,581.000,0.000),
('PJ (09)','U-17','NAPASTNIK','2025-10-15','2025-10-15',60,7023,0.000,510,0,60,0,45,0,52,0,794.000,0.000),
('PJ (09)','U-17','NAPASTNIK','2025-10-18','2025-10-19',90,9306,0.000,509,0,124,0,110,0,96,0,1107.000,0.000),
('PJ (09)','U-17','NAPASTNIK','2025-10-25','2025-10-26',25,3728,0.000,211,0,22,0,24,0,32,0,356.000,0.000),
('PJ (09)','U-17','NAPASTNIK','2025-10-29','2025-10-29',45,5600,0.000,460,0,78,0,83,0,63,0,869.000,0.000),
('PN (03)','C2','ŚO','2025-09-20','2025-09-21',94,9730,0.000,312,0,29,0,80,0,64,0,643.500,0.000),
('PN (03)','C2','ŚO','2025-09-27','2025-09-28',68,7948,0.000,191,0,0,0,62,0,51,0,417.000,0.000),
('PN (03)','C2','ŚO','2025-10-04','2025-10-05',90,10874,0.000,287,0,72,0,88,0,76,0,723.000,0.000),
('PN (03)','C2','ŚO','2025-10-11','2025-10-12',95,10384,0.000,248,0,40,0,101,0,81,0,672.000,0.000),
('PN (03)','C2','ŚO','2025-10-18','2025-10-19',94,10450,0.000,413,0,10,0,110,0,107,0,862.000,0.000),
('RM (03)','C2','WAHADŁO','2025-10-04','2025-10-05',20,2628,0.000,118,0,72,0,30,0,33,0,352.000,0.000),
('RM (03)','C2','PW/WAHADŁO','2025-10-11','2025-10-12',68,7194,0.000,522,0,283,0,67,0,79,0,1238.500,0.000),
('RM (03)','C2','PW/WAHADŁO','2025-10-18','2025-10-19',38,4558,0.000,291,0,93,0,54,0,60,0,658.500,0.000),
('RM (03)','C2','WAHADŁO','2025-10-25','2025-10-26',67,7949,0.000,528,0,85,0,83,0,102,0,1025.500,0.000),
('SK (07)','C2','10','2025-10-18','2025-10-19',28,3305,0.000,262,0,11,0,33,0,42,0,428.500,0.000),
('SK (07)','C2','10','2025-10-25','2025-10-26',22,2202,0.000,77,0,64,0,22,0,29,0,275.000,0.000),
('test1','C1','10/ŚO/LŚO/PŚO/LO/ŚPD/8/ŚP/ŚPO/PW/WAHADŁO/NAPASTNIK','2025-09-20','2025-09-21',90,11000,0.000,600,0,230,0,160,0,170,0,1605.000,0.000),
('test1','C1','10/ŚO/LŚO/PŚO/LO/ŚPD/8/ŚP/ŚPO/PW/WAHADŁO/NAPASTNIK','2025-09-27','2025-09-28',90,11000,0.000,800,0,250,0,160,0,170,0,1835.000,0.000),
('test1','C1','10/ŚO/LŚO/PŚO/LO/ŚPD/8/ŚP/ŚPO/PW/WAHADŁO/NAPASTNIK','2025-10-04','2025-10-05',90,11000,0.000,800,0,250,0,160,0,170,0,1835.000,0.000),
('test1','C1','10/ŚO/LŚO/PŚO/LO/ŚPD/8/ŚP/ŚPO/PW/WAHADŁO/NAPASTNIK','2025-10-11','2025-10-12',90,11000,0.000,800,0,250,0,160,0,170,0,1835.000,0.000),
('test1','C1','10/ŚO/LŚO/PŚO/LO/ŚPD/8/ŚP/ŚPO/PW/WAHADŁO/NAPASTNIK','2025-10-15','2025-10-15',90,11000,0.000,800,0,250,0,160,0,170,0,1835.000,0.000),
('test1','C1','10/ŚO/LŚO/PŚO/LO/ŚPD/8/ŚP/ŚPO/PW/WAHADŁO/NAPASTNIK','2025-10-18','2025-10-19',90,11000,0.000,800,0,250,0,160,0,170,0,1835.000,0.000),
('test1','C1','10/ŚO/LŚO/PŚO/LO/ŚPD/8/ŚP/ŚPO/PW/WAHADŁO/NAPASTNIK','2025-10-25','2025-10-26',90,11000,0.000,800,0,250,0,160,0,170,0,1835.000,0.000),
('test1','C1','10/ŚO/LŚO/PŚO/LO/ŚPD/8/ŚP/ŚPO/PW/WAHADŁO/NAPASTNIK','2025-10-29','2025-10-29',90,11000,0.000,800,0,250,0,160,0,170,0,1835.000,0.000),
('TW (05)','C2','PŚO','2025-09-20','2025-09-21',94,9993,0.000,429,0,37,0,78,0,80,0,800.500,0.000),
('TW (05)','C2','PŚO','2025-09-27','2025-09-28',100,10370,0.000,455,0,124,0,80,0,72,0,945.000,0.000),
('TW (05)','C2','PŚO','2025-10-04','2025-10-05',90,10788,0.000,545,0,128,0,98,0,100,0,1133.000,0.000),
('TW (05)','C2','PŚO','2025-10-18','2025-10-19',94,10549,0.000,426,0,192,0,97,0,92,0,1092.000,0.000),
('TW (05)','C2','PŚO','2025-10-25','2025-10-26',98,10601,0.000,401,0,133,0,105,0,103,0,1016.500,0.000),
('WD (07)','U-19','ŚP','2025-09-20','2025-09-21',65,5684,0.000,235,0,46,0,55,0,36,0,486.000,0.000),
('WD (07)','U-19','ŚP','2025-10-25','2025-10-26',35,4037,0.000,197,0,14,0,46,0,44,0,398.000,0.000),
('WD (07)','U-19','ŚP','2025-10-29','2025-10-29',75,10183,0.000,694,0,166,0,119,0,96,0,1373.000,0.000),
('WG (08)','U-19','NAPASTNIK','2025-09-20','2025-09-21',35,3925,0.000,219,0,55,0,48,0,45,0,487.500,0.000),
('WG (08)','U-19','NAPASTNIK','2025-09-27','2025-09-28',90,11030,0.000,712,0,49,0,120,0,112,0,1249.500,0.000),
('WG (08)','U-19','NAPASTNIK','2025-10-18','2025-10-19',30,3156,0.000,164,0,34,0,46,0,54,0,415.000,0.000),
('WG (08)','U-19','NAPASTNIK','2025-10-25','2025-10-26',65,5355,0.000,294,0,35,0,66,0,51,0,580.500,0.000),
('WG (08)','U-19','NAPASTNIK','2025-10-29','2025-10-29',67,8080,0.000,575,0,68,0,115,0,89,0,1085.000,0.000),
('WM (07)','C2','LW/WAHADŁO','2025-10-25','2025-10-26',60,7935,0.000,669,0,103,0,79,0,78,0,1137.500,0.000),
('WM (07)','C2','LW/WAHADŁO','2025-10-29','2025-10-29',60,7935,0.000,669,0,103,0,79,0,78,0,1137.500,0.000),
('WS (10)','U-17','ŚPO/NAPASTNIK','2025-10-04','2025-10-05',90,10094,0.000,776,0,15,0,126,0,145,0,1340.500,0.000),
('WS (10)','U-17','NAPASTNIK','2025-10-11','2025-10-12',90,11568,0.000,479,0,64,0,145,0,111,0,1087.000,0.000),
('WS (10)','U-17','ŚPO/NAPASTNIK','2025-10-15','2025-10-15',30,3924,0.000,312,0,36,0,55,0,48,0,572.000,0.000),
('WS (10)','U-17','ŚPO/NAPASTNIK','2025-10-18','2025-10-19',45,5150,0.000,225,0,46,0,68,0,70,0,570.000,0.000),
('WS (10)','U-17','ŚPO/NAPASTNIK','2025-10-25','2025-10-26',90,10913,0.000,912,0,158,0,147,0,94,0,1631.000,0.000),
('WS (10)','U-17','ŚPO/NAPASTNIK','2025-10-29','2025-10-29',45,5712,0.000,457,0,80,0,77,0,75,0,881.000,0.000);
/*!40000 ALTER TABLE `motoryka_stats` ENABLE KEYS */;
UNLOCK TABLES;

--
-- Temporary table structure for view `motoryka_stats_live`
--

DROP TABLE IF EXISTS `motoryka_stats_live`;
/*!50001 DROP VIEW IF EXISTS `motoryka_stats_live`*/;
SET @saved_cs_client     = @@character_set_client;
SET character_set_client = utf8mb4;
/*!50001 CREATE VIEW `motoryka_stats_live` AS SELECT
 1 AS `Name`,
  1 AS `Team`,
  1 AS `Position`,
  1 AS `DateStart`,
  1 AS `DateEnd`,
  1 AS `Minutes`,
  1 AS `TD_m`,
  1 AS `TD_km_1stTeam`,
  1 AS `HSR_m`,
  1 AS `HSR_1stTeam`,
  1 AS `Sprint_m`,
  1 AS `Sprint_1stTeam`,
  1 AS `ACC`,
  1 AS `ACC_1stTeam`,
  1 AS `DECEL`,
  1 AS `DECEL_1stTeam`,
  1 AS `PlayerIntensityIndex`,
  1 AS `PlayerIntensityIndexComparingToTeamAverage`,
  1 AS `PlayerIntensityIndexComparingToTeamAverage_live` */;
SET character_set_client = @saved_cs_client;

--
-- Table structure for table `players`
--

DROP TABLE IF EXISTS `players`;
/*!40101 SET @saved_cs_client     = @@character_set_client */;
/*!40101 SET character_set_client = utf8mb4 */;
CREATE TABLE `players` (
  `PlayerID` int(11) NOT NULL AUTO_INCREMENT,
  `Name` varchar(100) NOT NULL,
  `Team` varchar(100) DEFAULT NULL,
  `Position` varchar(50) DEFAULT NULL,
  `UpdatedAt` timestamp NULL DEFAULT current_timestamp() ON UPDATE current_timestamp(),
  PRIMARY KEY (`PlayerID`),
  UNIQUE KEY `Name` (`Name`),
  KEY `fk_players_team` (`Team`),
  CONSTRAINT `fk_players_team` FOREIGN KEY (`Team`) REFERENCES `teams` (`Team`) ON DELETE SET NULL ON UPDATE CASCADE
) ENGINE=InnoDB AUTO_INCREMENT=99 DEFAULT CHARSET=utf8mb4 COLLATE=utf8mb4_uca1400_ai_ci;
/*!40101 SET character_set_client = @saved_cs_client */;

--
-- Dumping data for table `players`
--

LOCK TABLES `players` WRITE;
/*!40000 ALTER TABLE `players` DISABLE KEYS */;
INSERT INTO `players` VALUES
(1,'TW (05)','C2','PŚO','2025-11-10 01:28:14'),
(2,'JW (06)','C2','LŚO','2025-11-11 16:20:50'),
(3,'SK (07)','C2','10','2025-11-11 00:30:03'),
(4,'MT (07)','C2','LW','2025-11-11 16:33:32'),
(5,'DP (08)','C2','10','2025-11-11 16:21:58'),
(6,'AW (05)','C2','10','2025-11-11 16:11:40'),
(7,'MP (07)','C2','LW/PW','2025-11-11 00:31:05'),
(8,'RM (03)','C2','WAHADŁO','2025-11-11 00:32:29'),
(9,'DK (07)','C2','NAPASTNIK','2025-11-11 00:33:04'),
(10,'PN (03)','C2','ŚO','2025-11-11 16:13:43'),
(11,'WM (07)','C2','WAHADŁO','2025-11-11 00:33:48'),
(12,'MC (06)','C2','WAHADŁO','2025-11-11 00:33:55'),
(13,'FS (06)','C2','8','2025-11-11 16:14:20'),
(14,'MS (06)','C2','ŚPO','2025-11-11 00:34:18'),
(15,'WD (07)','U-19','ŚP','2025-11-11 00:37:36'),
(16,'OK (08)','U-19','LŚO','2025-11-11 16:15:19'),
(17,'KN (08)','U-19','PŚO','2025-11-11 16:15:44'),
(18,'WG (08)','U-19','NAPASTNIK','2025-11-11 00:38:30'),
(19,'OŁ (08)','U-19','LW/PW/ŚPO','2025-11-11 16:25:49'),
(20,'MM (09)','U-19','ŚP','2025-11-11 00:40:21'),
(21,'KF (09)','U-19','PW/LW','2025-11-11 16:43:38'),
(22,'KC (09)','U-19','PŚO','2025-11-11 16:44:48'),
(23,'EM (08)','U-19','LW/PW','2025-11-11 16:18:54'),
(24,'KC (07)','U-19','ŚO','2025-11-11 16:46:22'),
(25,'WW (09)','U-17','LW/PW','2025-11-11 00:42:20'),
(26,'BO (09)','U-17','LW/PW/ŚPO','2025-11-11 16:46:48'),
(27,'BZ (09)','U-17','ŚP','2025-11-11 00:43:13'),
(28,'PJ (09)','U-17','NAPASTNIK','2025-11-11 00:43:31'),
(29,'MP (10)','U-17','ŚO','2025-11-11 16:48:20'),
(30,'IO (10)','U-17','ŚO/LŚO/PŚO/LO','2025-11-11 00:44:05'),
(31,'DK (10)','U-17','ŚP','2025-11-11 00:44:17'),
(32,'IS (10)','U-17','ŚP','2025-11-11 00:44:30'),
(33,'WS (10)','U-17','ŚPO/NAPASTNIK','2025-11-11 00:44:50'),
(34,'JW (09)','U-17','LW/PW','2025-11-11 16:31:49'),
(35,'JK (09)','U-17','ŚO/LŚO/PŚO','2025-11-11 00:45:22'),
(36,'MA (08)','U-19','ŚPO','2025-11-11 00:52:05'),
(97,'test1','C1','ŚO/LŚO/PŚO/LO/ŚPD/8/ŚP/ŚPO/10/PW/WAHADŁO/NAPASTNIK','2025-11-12 11:03:26');
/*!40000 ALTER TABLE `players` ENABLE KEYS */;
UNLOCK TABLES;

--
-- Table structure for table `teams`
--

DROP TABLE IF EXISTS `teams`;
/*!40101 SET @saved_cs_client     = @@character_set_client */;
/*!40101 SET character_set_client = utf8mb4 */;
CREATE TABLE `teams` (
  `Team` varchar(100) NOT NULL,
  PRIMARY KEY (`Team`)
) ENGINE=InnoDB DEFAULT CHARSET=utf8mb4 COLLATE=utf8mb4_uca1400_ai_ci;
/*!40101 SET character_set_client = @saved_cs_client */;

--
-- Dumping data for table `teams`
--

LOCK TABLES `teams` WRITE;
/*!40000 ALTER TABLE `teams` DISABLE KEYS */;
INSERT INTO `teams` VALUES
('C1'),
('C2'),
('u-15'),
('U-17'),
('U-19');
/*!40000 ALTER TABLE `teams` ENABLE KEYS */;
UNLOCK TABLES;

--
-- Dumping routines for database 'cracovia'
--

--
-- Final view structure for view `all_stats`
--

/*!50001 DROP VIEW IF EXISTS `all_stats`*/;
/*!50001 SET @saved_cs_client          = @@character_set_client */;
/*!50001 SET @saved_cs_results         = @@character_set_results */;
/*!50001 SET @saved_col_connection     = @@collation_connection */;
/*!50001 SET character_set_client      = utf8mb4 */;
/*!50001 SET character_set_results     = utf8mb4 */;
/*!50001 SET collation_connection      = utf8mb4_uca1400_ai_ci */;
/*!50001 CREATE ALGORITHM=UNDEFINED */
/*!50013 DEFINER=`root`@`localhost` SQL SECURITY DEFINER */
/*!50001 VIEW `all_stats` AS select `f`.`Name` AS `Name`,`f`.`Team` AS `Team`,`f`.`Position` AS `Position`,`f`.`DateStart` AS `DateStart`,`f`.`DateEnd` AS `DateEnd`,`f`.`NumberOfGames` AS `NumberOfGames`,`f`.`Minutes` AS `Minutes`,`f`.`Goal` AS `Goal`,`f`.`Assist` AS `Assist`,`f`.`ChanceAssist` AS `ChanceAssist`,`f`.`KeyPass` AS `KeyPass`,`f`.`KeyLoss` AS `KeyLoss`,`f`.`Finalization` AS `Finalization`,`f`.`KeyIndividualAction` AS `KeyIndividualAction`,`f`.`KeyRecover` AS `KeyRecover`,`f`.`DuelWinInBox` AS `DuelWinInBox`,`f`.`BlockShot` AS `BlockShot`,`f`.`DuelLossInBox` AS `DuelLossInBox`,`f`.`DuelLossOutBox` AS `DuelLossOutBox`,`f`.`MissBlockShot` AS `MissBlockShot`,`f`.`RescueAction` AS `RescueAction`,`f`.`PktDef` AS `PktDef`,`m`.`TD_m` AS `TD_m`,`m`.`HSR_m` AS `HSR_m`,`m`.`Sprint_m` AS `Sprint_m`,`m`.`ACC` AS `ACC`,`m`.`DECEL` AS `DECEL`,`m`.`PlayerIntensityIndex` AS `PlayerIntensityIndex` from (`fantasypasy_stats` `f` left join `motoryka_stats` `m` on(`f`.`Name` = `m`.`Name` and `f`.`Team` = `m`.`Team` and `f`.`Position` = `m`.`Position` and `f`.`DateStart` = `m`.`DateStart` and `f`.`DateEnd` = `m`.`DateEnd`)) */;
/*!50001 SET character_set_client      = @saved_cs_client */;
/*!50001 SET character_set_results     = @saved_cs_results */;
/*!50001 SET collation_connection      = @saved_col_connection */;

--
-- Final view structure for view `motoryka_stats_live`
--

/*!50001 DROP VIEW IF EXISTS `motoryka_stats_live`*/;
/*!50001 SET @saved_cs_client          = @@character_set_client */;
/*!50001 SET @saved_cs_results         = @@character_set_results */;
/*!50001 SET @saved_col_connection     = @@collation_connection */;
/*!50001 SET character_set_client      = utf8mb4 */;
/*!50001 SET character_set_results     = utf8mb4 */;
/*!50001 SET collation_connection      = utf8mb4_uca1400_ai_ci */;
/*!50001 CREATE ALGORITHM=UNDEFINED */
/*!50013 DEFINER=`root`@`localhost` SQL SECURITY DEFINER */
/*!50001 VIEW `motoryka_stats_live` AS select `m`.`Name` AS `Name`,`m`.`Team` AS `Team`,`m`.`Position` AS `Position`,`m`.`DateStart` AS `DateStart`,`m`.`DateEnd` AS `DateEnd`,`m`.`Minutes` AS `Minutes`,`m`.`TD_m` AS `TD_m`,`m`.`TD_km_1stTeam` AS `TD_km_1stTeam`,`m`.`HSR_m` AS `HSR_m`,`m`.`HSR_1stTeam` AS `HSR_1stTeam`,`m`.`Sprint_m` AS `Sprint_m`,`m`.`Sprint_1stTeam` AS `Sprint_1stTeam`,`m`.`ACC` AS `ACC`,`m`.`ACC_1stTeam` AS `ACC_1stTeam`,`m`.`DECEL` AS `DECEL`,`m`.`DECEL_1stTeam` AS `DECEL_1stTeam`,`m`.`PlayerIntensityIndex` AS `PlayerIntensityIndex`,`m`.`PlayerIntensityIndexComparingToTeamAverage` AS `PlayerIntensityIndexComparingToTeamAverage`,round(`m`.`PlayerIntensityIndex` - (select avg(`m2`.`PlayerIntensityIndex`) from `motoryka_stats` `m2` where `m2`.`Team` = 'C1'),3) AS `PlayerIntensityIndexComparingToTeamAverage_live` from `motoryka_stats` `m` */;
/*!50001 SET character_set_client      = @saved_cs_client */;
/*!50001 SET character_set_results     = @saved_cs_results */;
/*!50001 SET collation_connection      = @saved_col_connection */;
/*!40103 SET TIME_ZONE=@OLD_TIME_ZONE */;

/*!40101 SET SQL_MODE=@OLD_SQL_MODE */;
/*!40014 SET FOREIGN_KEY_CHECKS=@OLD_FOREIGN_KEY_CHECKS */;
/*!40014 SET UNIQUE_CHECKS=@OLD_UNIQUE_CHECKS */;
/*!40101 SET CHARACTER_SET_CLIENT=@OLD_CHARACTER_SET_CLIENT */;
/*!40101 SET CHARACTER_SET_RESULTS=@OLD_CHARACTER_SET_RESULTS */;
/*!40101 SET COLLATION_CONNECTION=@OLD_COLLATION_CONNECTION */;
/*M!100616 SET NOTE_VERBOSITY=@OLD_NOTE_VERBOSITY */;

-- Dump completed on 2025-11-17 14:54:02
